EDT,Max TemperatureF,Mean TemperatureF,Min TemperatureF,Max Dew PointF,MeanDew PointF,Min DewpointF,Max Humidity,Mean Humidity,Min Humidity,Max Sea Level PressureIn,Mean Sea Level PressureIn,Min Sea Level PressureIn,Max VisibilityMiles,Mean VisibilityMiles,Min VisibilityMiles,Max Wind SpeedMPH,Mean Wind SpeedMPH,Max Gust SpeedMPH,PrecipitationIn,CloudCover,Events,WindDirDegrees
5/3/2013,66,58,49,43,39,33,80,57,34,30.46,30.41,30.38,10,10,10,17,7,27,0,1,NoEvent,90
5/4/2013,69,59,48,44,41,37,86,61,35,30.37,30.3,30.26,10,10,9,16,6,22,0,0,NoEvent,93
5/5/2013,64,55,46,43,39,35,76,56,36,30.32,30.27,30.23,10,10,10,14,6,19,0,2,NoEvent,77
5/6/2013,69,58,46,51,46,42,86,69,52,30.3,30.22,30.16,10,10,7,12,4,16,0,5,NoEvent,91
5/7/2013,74,63,52,57,52,46,83,68,53,30.19,30.14,30.09,10,10,8,10,6,14,0,3,Fog-Rain,77
5/8/2013,63,59,55,60,57,51,97,88,78,30.12,30.06,29.98,10,4,0,12,6,17,3.02,7,Rain,73
5/9/2013,68,61,54,58,55,52,93,80,67,30.01,29.95,29.89,10,5,1,9,4,13,0.5,6,NoEvent,52
5/10/2013,79,69,59,55,54,53,80,61,42,30,29.95,29.89,10,9,6,10,4,20,0.01,0,Fog-Rain,243
5/11/2013,70,66,61,63,61,56,100,89,78,29.92,29.8,29.7,9,4,0,10,3,18,1.09,6,Rain,233
5/12/2013,70,61,51,61,39,24,93,59,24,29.94,29.74,29.66,10,10,7,16,8,29,0,2,NoEvent,279
5/13/2013,58,52,45,32,27,23,58,44,29,30.11,30.02,29.95,10,10,10,15,7,25,0,2,NoEvent,289
5/14/2013,61,52,42,33,26,18,70,45,19,30.13,30.09,30.03,10,10,10,10,4,17,0,0,NoEvent,280
5/15/2013,69,62,54,57,45,28,73,56,38,30.06,29.89,29.71,10,10,8,22,10,28,0,5,NoEvent,214
5/16/2013,79,71,62,56,50,41,78,55,32,29.83,29.76,29.72,10,10,9,13,4,23,0,1,NoEvent,284
5/17/2013,72,65,58,41,39,34,51,40,29,30.2,30.05,29.85,10,10,10,17,4,26,0,0,NoEvent,359
5/18/2013,65,61,56,54,48,39,80,62,43,30.31,30.28,30.2,10,10,9,9,2,16,0.01,5,Rain,155
5/19/2013,59,57,55,57,55,48,100,84,67,30.35,30.28,30.18,10,3,1,12,5,18,0.6,8,Fog,143
5/20/2013,79,69,58,65,60,57,100,82,64,30.19,30.08,29.97,10,4,0,10,2,15,0,5,NoEvent,230
5/21/2013,86,77,68,68,65,64,84,70,55,29.97,29.91,29.84,10,8,4,13,5,22,0,0,NoEvent,234
5/22/2013,78,69,59,68,63,56,90,79,68,29.96,29.9,29.85,10,5,2,16,3,24,0,5,Fog-Rain,93
5/23/2013,80,72,64,70,66,63,100,84,67,29.91,29.85,29.77,10,5,0,12,5,22,1.81,7,Rain,179
5/24/2013,65,55,45,63,54,40,100,88,76,29.96,29.81,29.69,10,6,1,15,5,30,0.3,8,Rain,298
5/25/2013,54,50,45,44,41,37,92,76,59,30,29.93,29.9,10,9,2,17,9,34,0.14,8,NoEvent,307
5/26/2013,66,57,48,38,35,31,66,48,30,30.2,30.04,29.96,10,10,10,20,8,29,0,2,NoEvent,302
5/27/2013,73,62,51,39,36,32,54,39,23,30.25,30.19,30.12,10,10,10,12,4,20,0,0,Fog-Rain,264
5/28/2013,68,62,56,57,52,40,100,72,43,30.23,30.19,30.14,10,4,0,10,3,17,0.52,6,Fog,109
5/29/2013,82,70,58,66,61,57,100,79,58,30.16,30.09,30,10,4,0,10,2,16,0,4,NoEvent,86
5/30/2013,90,81,72,66,63,59,73,56,38,30.13,30.09,30.06,10,9,6,10,5,17,0,1,NoEvent,252
5/31/2013,90,83,75,68,63,56,69,52,35,30.12,30.06,29.99,10,9,7,10,4,18,0,0,NoEvent,257
6/1/2013,90,82,73,68,65,62,73,59,45,30.02,29.97,29.9,10,10,9,12,4,20,0,0,Fog-Rain,240
6/2/2013,88,79,69,71,66,62,97,73,48,29.91,29.84,29.77,10,9,0,15,6,26,0.85,2,Fog-Rain,248
6/3/2013,78,72,66,69,67,46,97,71,45,29.89,29.85,29.8,10,5,0,12,3,19,0.87,7,NoEvent,65
6/4/2013,75,66,57,47,41,36,57,43,29,30.12,30.01,29.91,10,10,10,13,5,21,0,1,NoEvent,300
6/5/2013,74,66,58,53,44,35,78,57,36,30.21,30.16,30.12,10,10,10,10,4,19,0,0,Rain,87
6/6/2013,70,65,59,59,55,48,97,72,47,30.16,30.11,30.02,10,8,5,13,5,21,0.13,4,Fog-Rain,146
6/7/2013,63,61,59,61,59,57,100,95,90,30,29.84,29.64,8,2,0,20,8,32,4.16,8,Rain,74
6/8/2013,77,67,57,63,58,54,93,77,61,30.05,29.8,29.58,10,8,2,15,4,20,0.48,6,NoEvent,320
6/9/2013,80,72,63,60,58,54,84,63,42,30.17,30.13,30.07,10,10,9,10,2,17,0,1,Fog-Rain,313
6/10/2013,70,66,62,66,63,61,100,84,68,30.16,30.04,29.84,9,3,0,14,6,25,1.38,7,Rain,105
6/11/2013,80,72,64,67,64,57,100,79,58,29.82,29.73,29.62,10,6,2,16,6,30,0.09,6,NoEvent,305
6/12/2013,76,71,65,59,52,49,70,54,38,29.85,29.79,29.71,10,10,9,16,5,29,0,1,Fog-Rain,308
6/13/2013,69,62,55,61,58,51,93,74,55,29.84,29.63,29.48,10,6,0,20,7,31,1.26,7,Rain,89
6/14/2013,72,63,53,60,53,51,93,73,53,29.89,29.71,29.55,10,8,2,18,5,28,0.38,6,NoEvent,4
6/15/2013,80,71,61,55,51,46,78,55,32,30.01,29.95,29.9,10,10,10,12,4,21,0,1,NoEvent,290
6/16/2013,80,73,65,64,56,48,73,58,43,29.99,29.89,29.78,10,10,9,15,4,29,0,2,Rain,264
6/17/2013,84,77,69,66,64,60,84,68,51,29.91,29.88,29.84,10,9,2,10,3,23,0.01,1,Rain,257
6/18/2013,84,74,64,69,64,62,93,72,51,29.9,29.88,29.83,9,6,2,12,4,16,0.19,5,Rain,74
6/19/2013,77,68,59,63,53,43,93,62,31,30.17,30.01,29.88,10,9,3,13,5,19,0.01,2,NoEvent,25
6/20/2013,80,71,62,57,53,48,67,56,45,30.27,30.24,30.18,10,10,9,12,4,20,0,0,NoEvent,225
6/21/2013,82,73,64,57,52,43,63,53,42,30.31,30.27,30.24,10,10,10,10,5,21,0,0,NoEvent,245
6/22/2013,84,75,65,62,54,46,61,53,44,30.27,30.22,30.14,10,10,9,10,4,20,0,0,NoEvent,253
6/23/2013,88,79,70,70,65,58,82,67,51,30.19,30.13,30.06,10,10,9,14,5,24,0,1,NoEvent,223
6/24/2013,92,83,74,70,67,60,87,64,40,30.1,30.03,29.96,10,9,7,13,4,20,0,1,NoEvent,258
6/25/2013,91,82,73,70,66,62,73,59,44,29.99,29.9,29.81,10,8,7,14,3,28,0,1,Rain,252
6/26/2013,85,80,74,70,66,63,82,67,51,29.85,29.82,29.78,10,9,1,12,4,19,0.05,2,Rain,267
6/27/2013,86,80,73,73,70,66,93,75,57,29.81,29.7,29.57,10,6,1,13,4,24,0.24,5,NoEvent,129
6/28/2013,85,79,73,71,69,63,93,74,55,29.59,29.53,29.48,10,9,5,12,5,22,0,4,NoEvent,247
6/29/2013,83,77,71,71,67,63,84,71,58,29.7,29.6,29.5,10,8,6,12,4,18,0,3,Rain,222
6/30/2013,86,80,73,73,71,68,94,80,65,29.94,29.84,29.71,10,7,3,10,3,20,0,4,Fog-Rain,178
7/1/2013,77,75,72,73,71,70,93,88,82,30.06,29.99,29.91,9,5,0,14,3,26,0.84,7,Rain,203
7/2/2013,82,77,72,74,72,70,94,84,74,30.19,30.11,30.06,10,8,6,12,3,22,0.08,6,Fog-Rain,170
7/3/2013,83,78,73,76,73,68,100,87,74,30.26,30.21,30.17,10,7,0,12,4,18,0.53,4,NoEvent,250
7/4/2013,87,81,75,75,72,69,100,80,59,30.28,30.22,30.16,10,8,6,14,4,23,0,4,NoEvent,235
7/5/2013,90,83,76,73,71,66,87,69,51,30.25,30.17,30.09,10,9,8,13,5,19,0,1,NoEvent,235
7/6/2013,92,85,78,72,70,67,79,62,44,30.14,30.09,30.03,10,10,9,13,5,21,0,0,NoEvent,270
7/7/2013,92,85,78,72,70,63,74,63,51,30.06,30,29.93,10,10,10,13,4,23,0,1,Fog-Rain,256
7/8/2013,89,81,73,72,67,64,87,67,46,30.05,30.01,29.96,10,8,0,13,5,24,0.22,2,Rain,263
7/9/2013,88,81,74,74,68,65,88,71,53,30.08,30.04,29.99,9,6,1,15,3,25,0.23,3,Rain,251
7/10/2013,85,80,75,74,71,68,87,73,59,30.01,29.92,29.81,10,6,4,13,4,20,0,4,NoEvent,243
7/11/2013,84,80,76,73,67,58,85,66,47,29.93,29.86,29.8,10,9,7,10,4,17,0,3,Rain,292
7/12/2013,77,73,68,69,65,59,93,74,54,30.12,30.05,29.93,10,6,2,18,10,27,0.25,6,Rain,68
7/13/2013,81,74,67,72,70,66,97,86,74,30.31,30.23,30.12,9,5,2,13,5,18,0.06,7,Rain,74
7/14/2013,90,82,74,74,71,67,100,76,51,30.37,30.31,30.24,10,7,4,10,4,16,0,4,NoEvent,263
7/15/2013,94,86,78,73,70,67,79,62,44,30.25,30.2,30.13,10,10,8,9,4,16,0,1,NoEvent,307
7/16/2013,94,86,77,70,65,60,71,54,36,30.2,30.17,30.13,10,9,9,14,5,20,0,1,NoEvent,29
7/17/2013,97,88,79,71,68,63,71,53,34,30.19,30.13,30.07,10,8,7,9,3,16,0,1,NoEvent,35
7/18/2013,98,90,81,72,69,66,65,52,38,30.07,30.01,29.96,10,8,6,9,4,15,0,0,NoEvent,270
7/19/2013,96,90,83,75,73,69,74,60,46,29.97,29.89,29.79,8,6,5,15,5,25,0,1,NoEvent,251
7/20/2013,93,87,81,74,69,67,69,58,47,29.83,29.79,29.73,10,7,6,15,6,26,0,1,NoEvent,254
7/21/2013,89,83,76,69,64,58,79,58,36,29.96,29.91,29.84,10,10,8,12,5,17,0,2,Rain,80
7/22/2013,86,81,75,74,71,66,94,80,65,29.98,29.9,29.81,9,6,2,12,5,17,0.06,6,Rain,88
7/23/2013,87,80,73,74,72,67,94,75,55,29.83,29.69,29.57,10,6,1,14,4,23,0.31,6,NoEvent,251
7/24/2013,83,76,68,68,62,52,79,62,45,29.94,29.75,29.62,10,10,10,14,5,22,0,2,Rain,327
7/25/2013,68,66,64,59,53,49,73,63,52,30.07,30.02,29.94,10,10,10,17,9,25,0.01,8,NoEvent,57
7/26/2013,83,74,65,63,58,55,78,59,40,30.05,30.02,30,10,10,10,13,5,18,0,5,NoEvent,34
7/27/2013,82,76,70,64,62,57,84,65,45,30.06,30.02,29.97,10,10,8,12,3,21,0,1,Rain,250
7/28/2013,78,74,70,71,67,63,93,80,67,30.02,29.97,29.93,10,7,2,13,2,20,0.24,5,Rain,161
7/29/2013,85,77,69,69,63,49,97,66,34,30.1,30.02,29.96,10,9,5,14,4,22,0.01,2,NoEvent,293
7/30/2013,83,75,67,56,54,52,63,51,39,30.17,30.13,30.11,10,10,10,10,4,17,0,1,NoEvent,294
7/31/2013,83,75,67,61,57,54,68,54,39,30.17,30.11,30.05,10,10,10,8,3,17,0,1,Fog-Rain,243
8/1/2013,76,71,66,68,65,60,97,79,60,30.04,29.93,29.84,10,4,0,10,3,16,0.65,7,NoEvent,199
8/2/2013,83,75,67,68,63,56,97,69,40,29.92,29.86,29.8,10,7,2,13,5,25,0,3,Rain,281
8/3/2013,78,73,68,65,61,55,73,63,53,29.92,29.89,29.84,10,9,4,13,3,18,0.06,4,NoEvent,260
8/4/2013,80,73,66,62,54,48,78,57,36,29.97,29.89,29.86,10,10,10,13,5,21,0,1,NoEvent,322
8/5/2013,78,70,62,51,47,40,67,48,29,30.06,30.03,29.98,10,10,10,10,3,16,0,0,NoEvent,289
8/6/2013,82,73,64,58,54,49,73,54,35,30.13,30.09,30.05,10,10,10,9,3,17,0,2,NoEvent,55
8/7/2013,80,75,70,67,62,59,79,65,51,30.16,30.12,30.07,10,10,10,13,5,22,0,7,Fog-Rain,172
8/8/2013,81,76,70,74,70,67,97,86,74,30.09,30.05,30.01,10,5,0,10,4,19,0.46,7,Rain,188
8/9/2013,85,80,74,75,72,70,94,80,65,30.02,29.9,29.81,10,8,3,16,4,22,0.05,6,NoEvent,198
8/10/2013,83,77,70,70,60,51,82,61,39,30.06,29.97,29.88,10,10,10,14,5,21,0,0,NoEvent,305
8/11/2013,81,73,65,63,54,49,68,52,36,30.13,30.08,30.04,10,10,10,9,3,14,0,4,Rain,282
8/12/2013,82,76,70,68,65,59,90,70,49,30.06,29.99,29.94,10,9,2,8,2,13,0.05,5,Rain,291
8/13/2013,77,73,68,71,67,64,97,83,69,29.92,29.79,29.7,10,5,1,12,3,18,0.85,6,NoEvent,170
8/14/2013,74,68,61,64,49,44,87,64,41,30.05,29.88,29.76,10,10,9,15,6,27,0,1,NoEvent,317
8/15/2013,78,69,59,52,48,42,72,52,31,30.15,30.11,30.06,10,10,10,10,4,16,0,1,NoEvent,286
8/16/2013,82,73,64,56,52,47,73,52,30,30.21,30.16,30.13,10,10,10,8,2,13,0,2,NoEvent,210
8/17/2013,84,74,64,58,53,50,68,51,34,30.28,30.25,30.22,10,10,10,8,2,11,0,1,NoEvent,60
8/18/2013,76,72,68,62,55,50,73,57,41,30.26,30.21,30.14,10,10,8,10,3,15,0,2,NoEvent,44
8/19/2013,79,73,66,64,59,56,79,64,48,30.13,30.08,30.04,10,10,8,9,3,17,0,0,NoEvent,263
8/20/2013,88,78,68,65,62,57,84,61,37,30.13,30.09,30.05,10,10,8,9,3,14,0,2,NoEvent,273
8/21/2013,90,81,72,66,62,56,73,54,34,30.18,30.12,30.06,10,10,8,8,3,14,0,0,Rain,282
8/22/2013,78,75,71,72,70,68,93,84,74,30.07,29.99,29.88,10,6,2,10,4,16,0.25,5,NoEvent,263
8/23/2013,82,77,71,68,58,50,84,59,33,30.1,29.98,29.88,10,9,6,13,6,19,0,0,NoEvent,23
8/24/2013,80,73,65,58,51,43,68,48,28,30.35,30.27,30.12,10,10,10,14,5,20,0,1,NoEvent,77
8/25/2013,83,74,64,57,53,49,78,55,31,30.4,30.32,30.24,10,10,10,10,4,19,0,0,Rain,279
8/26/2013,84,76,68,69,59,53,93,70,46,30.24,30.07,29.92,10,10,6,14,6,22,0.04,3,Rain,253
8/27/2013,87,79,71,68,66,64,90,69,48,29.91,29.87,29.83,10,10,8,12,5,17,0.01,4,Fog-Rain,348
8/28/2013,86,79,71,72,70,65,93,76,58,29.93,29.89,29.86,10,4,0,9,3,14,0.43,3,Rain,58
8/29/2013,80,76,71,70,67,63,93,78,62,30.05,29.99,29.9,10,7,2,12,5,18,0,6,NoEvent,69
8/30/2013,85,78,70,68,65,63,84,66,48,30.04,29.95,29.87,10,9,7,13,4,20,0,4,NoEvent,241
8/31/2013,86,80,73,71,69,67,84,73,61,29.89,29.84,29.79,10,8,6,13,5,24,0,4,NoEvent,250
9/1/2013,84,80,75,72,70,69,87,76,65,29.89,29.84,29.8,10,9,6,10,2,17,0,3,Rain,177
9/2/2013,82,78,74,74,72,67,94,82,69,29.84,29.78,29.72,10,6,2,12,1,17,0.05,5,Rain,194
9/3/2013,82,75,68,71,65,52,93,67,40,29.9,29.79,29.71,10,7,2,12,3,19,0.03,5,NoEvent,335
9/4/2013,82,74,65,56,54,48,73,54,35,30.01,29.96,29.89,10,10,10,12,5,18,0,0,NoEvent,273
9/5/2013,80,72,64,57,48,38,68,48,27,30.16,30.01,29.94,10,10,10,13,6,19,0,1,NoEvent,307
9/6/2013,72,65,57,47,41,36,57,42,27,30.26,30.2,30.14,10,10,10,12,4,17,0,0,NoEvent,334
9/7/2013,80,70,59,53,47,42,67,48,28,30.14,30.03,29.91,10,10,10,10,3,14,0,1,NoEvent,253
9/8/2013,83,74,64,60,52,40,63,45,27,30.09,29.9,29.83,10,10,10,15,7,25,0,3,NoEvent,337
9/9/2013,73,65,57,58,48,40,68,51,34,30.25,30.19,30.1,10,10,10,12,4,17,0,1,NoEvent,75
9/10/2013,87,78,68,71,66,58,84,71,57,30.18,30.13,30.05,10,9,7,12,6,22,0.01,4,NoEvent,239
9/11/2013,96,87,77,73,71,70,79,64,49,30.12,30.06,29.98,9,6,4,12,4,21,0,0,Fog-Rain,239
9/12/2013,87,79,70,74,70,67,97,79,61,29.98,29.84,29.68,9,5,0,15,4,24,1.6,3,Rain,248
9/13/2013,77,68,59,67,57,46,93,70,47,29.86,29.71,29.65,10,9,3,14,5,24,0.06,2,NoEvent,301
9/14/2013,67,61,54,46,44,42,66,55,44,30.14,29.99,29.86,10,10,10,12,5,19,0,2,NoEvent,290
9/15/2013,73,62,51,51,44,38,77,54,31,30.22,30.15,30.09,10,10,10,9,4,14,0,0,Rain,278
9/16/2013,73,65,56,57,52,46,78,61,44,30.25,30.11,30.04,10,10,7,14,5,21,0.03,5,NoEvent,327
9/17/2013,65,58,50,43,37,33,61,49,36,30.44,30.37,30.27,10,10,10,17,5,25,0,0,NoEvent,45
9/18/2013,72,62,51,50,43,39,69,51,33,30.36,30.28,30.2,10,10,10,9,3,15,0,0,NoEvent,264
9/19/2013,78,67,55,54,48,44,72,52,31,30.2,30.14,30.08,10,10,9,8,3,13,0,0,NoEvent,256
9/20/2013,79,70,60,57,54,53,78,60,42,30.09,30.05,30.01,10,10,8,9,3,16,0,0,Rain,260
9/21/2013,77,69,61,67,62,56,90,77,64,30.02,29.85,29.68,10,9,2,16,4,28,0.72,5,Fog-Rain,193
9/22/2013,69,62,54,67,54,39,93,68,42,29.92,29.75,29.66,10,7,0,14,6,24,0.45,5,NoEvent,290
9/23/2013,66,58,50,42,40,37,71,54,37,30.05,29.99,29.93,10,10,10,12,4,19,0,0,NoEvent,351
9/24/2013,73,60,47,42,40,39,76,54,31,30.06,29.98,29.88,10,10,10,12,4,17,0,0,NoEvent,305
9/25/2013,73,63,52,50,44,39,71,52,33,29.96,29.93,29.88,10,10,10,7,2,11,0,0,NoEvent,27
9/26/2013,71,65,58,55,53,51,80,69,57,30.11,30.03,29.95,10,10,10,10,4,16,0,5,NoEvent,57
9/27/2013,69,63,57,53,50,48,80,66,52,30.27,30.2,30.11,10,10,10,10,5,14,0,6,NoEvent,54
9/28/2013,73,65,56,52,50,47,83,62,41,30.33,30.28,30.24,10,10,10,12,5,17,0,1,NoEvent,80
9/29/2013,72,65,57,56,53,48,87,66,44,30.24,30.17,30.1,10,10,10,9,3,14,0,2,NoEvent,63
9/30/2013,75,66,56,53,51,46,86,62,38,30.09,30.04,29.98,10,10,7,12,3,17,0,0,NoEvent,10
10/1/2013,82,71,59,57,53,51,72,53,34,30.01,29.96,29.9,10,10,10,10,2,15,0,0,NoEvent,282
10/2/2013,83,74,64,59,56,52,68,56,43,30.02,29.96,29.91,10,10,9,13,4,21,0,0,NoEvent,281
10/3/2013,78,71,63,57,54,49,78,57,36,30.13,30.07,30.03,10,10,8,7,2,12,0,0,Rain,271
10/4/2013,86,76,66,66,61,55,84,65,45,30.07,30.02,29.97,10,8,5,9,3,14,0,2,NoEvent,337
10/5/2013,76,70,64,62,61,60,87,74,60,30.13,30.07,30.03,8,6,4,8,4,14,0,5,NoEvent,68
10/6/2013,70,68,65,65,64,62,93,89,84,30.13,30.08,30.04,6,4,2,10,6,17,0,8,Rain,129
10/7/2013,76,68,60,69,64,48,90,77,64,30.05,29.92,29.78,10,7,2,15,6,29,0.25,7,NoEvent,199
10/8/2013,67,61,54,45,42,38,71,55,39,30.33,30.21,30.02,10,10,10,13,6,19,0,0,NoEvent,33
10/9/2013,62,58,53,48,44,37,72,60,47,30.41,30.35,30.3,10,10,10,18,8,27,0,2,Rain,66
10/10/2013,65,60,54,54,49,45,77,70,62,30.3,30.2,30.08,10,10,10,16,9,25,0,7,Rain,63
10/11/2013,68,64,60,59,55,49,90,71,52,30.12,30.06,30.02,10,10,2,17,9,25,0.02,7,NoEvent,66
10/12/2013,72,66,60,54,46,35,72,50,27,30.31,30.19,30.08,10,10,10,21,11,29,0,5,NoEvent,71
10/13/2013,65,61,56,52,49,46,77,67,56,30.39,30.35,30.29,10,10,10,17,9,26,0,6,NoEvent,73
10/14/2013,66,59,52,50,47,44,83,66,48,30.4,30.33,30.25,10,10,10,8,2,12,0,2,NoEvent,84
10/15/2013,72,63,53,53,49,44,89,67,44,30.26,30.2,30.13,10,10,7,8,3,13,0,0,NoEvent,78
10/16/2013,67,62,56,58,54,49,86,75,63,30.12,30.04,29.93,10,10,6,8,3,12,0,6,Rain,70
10/17/2013,73,67,61,61,59,57,90,74,57,29.93,29.86,29.7,10,7,4,9,3,18,0.02,7,NoEvent,228
10/18/2013,68,62,55,61,45,39,81,59,37,29.99,29.84,29.68,10,10,10,15,7,26,0,2,NoEvent,277
10/19/2013,64,58,52,54,45,39,80,60,40,29.99,29.89,29.76,10,10,10,10,3,20,0.01,3,NoEvent,254
10/20/2013,63,57,50,53,39,31,80,55,30,30.07,29.92,29.77,10,10,9,14,6,23,0,1,NoEvent,275
10/21/2013,66,58,50,45,37,33,62,46,29,30.15,30.08,30,10,10,10,10,4,19,0,0,NoEvent,262
10/22/2013,67,59,51,48,44,35,67,57,47,29.98,29.84,29.76,10,10,10,12,5,19,0,2,NoEvent,259
10/23/2013,55,50,45,39,35,31,66,55,44,29.82,29.73,29.63,10,10,10,14,4,21,0,3,NoEvent,50
10/24/2013,54,48,41,34,28,23,70,50,29,30.01,29.9,29.77,10,10,10,15,7,23,0,1,NoEvent,280
10/25/2013,53,47,40,32,28,23,70,51,32,30.23,30.12,30.02,10,10,10,15,5,23,0,2,NoEvent,286
10/26/2013,55,48,41,33,29,25,67,50,32,30.23,30.09,29.91,10,10,10,17,6,26,0,1,NoEvent,239
10/27/2013,58,52,46,31,29,27,53,42,30,30.13,29.97,29.86,10,10,10,13,5,22,0,2,NoEvent,277
10/28/2013,61,52,43,33,30,28,62,47,31,30.32,30.21,30.14,10,10,10,13,4,21,0,0,NoEvent,294
10/29/2013,56,50,44,32,30,28,54,46,38,30.42,30.38,30.33,10,10,10,10,5,14,0,3,NoEvent,55
10/30/2013,60,54,47,49,42,31,72,61,50,30.35,30.27,30.19,10,9,5,9,2,13,0,5,Rain,291
10/31/2013,66,60,53,59,55,48,90,79,67,30.23,30.06,29.81,10,6,2,13,4,23,0.06,7,Rain,160
11/1/2013,70,65,59,62,57,50,87,69,51,29.78,29.64,29.56,10,8,1,23,5,43,0.13,4,NoEvent,265
11/2/2013,68,62,55,55,44,36,87,62,37,29.78,29.68,29.63,10,10,9,10,4,18,0,3,NoEvent,336
11/3/2013,55,46,37,40,30,20,71,57,42,30.43,30.12,29.8,10,10,10,15,6,21,0,4,NoEvent,356
11/4/2013,46,41,35,23,16,12,47,37,27,30.66,30.6,30.47,10,10,10,15,6,24,0,0,NoEvent,65
11/5/2013,55,48,41,41,34,25,67,56,45,30.66,30.59,30.48,10,10,10,10,4,14,0,3,NoEvent,82
11/6/2013,61,55,49,51,44,40,80,65,49,30.49,30.32,30.07,10,10,10,9,4,19,0,3,Rain,173
11/7/2013,64,54,44,56,48,29,84,67,49,30.05,29.88,29.76,10,9,2,15,7,24,0.13,6,NoEvent,293
11/8/2013,50,45,40,31,25,21,65,50,34,30.22,30.07,29.95,10,10,10,16,9,28,0,3,NoEvent,290
11/9/2013,50,44,38,33,26,22,59,46,32,30.29,30.19,30,10,10,10,13,5,23,0,1,NoEvent,258
11/10/2013,61,53,44,35,30,26,65,47,29,30.05,29.93,29.81,10,10,10,18,8,33,0,4,NoEvent,269
11/11/2013,53,48,43,30,26,22,49,42,35,30.21,30.1,29.97,10,10,10,16,6,26,0,4,Rain-Snow,282
11/12/2013,52,42,31,33,23,13,75,56,37,30.29,30.13,29.94,10,9,2,16,6,29,0.03,5,NoEvent,310
11/13/2013,39,34,29,18,13,8,58,43,27,30.37,30.32,30.28,10,10,10,14,6,22,0,0,NoEvent,290
11/14/2013,52,43,33,19,15,11,51,35,19,30.25,30.21,30.16,10,10,10,17,8,31,0,0,NoEvent,261
11/15/2013,57,51,44,27,22,19,41,33,24,30.25,30.21,30.17,10,10,10,13,5,23,0,0,Rain,239
11/16/2013,60,53,45,46,40,27,83,61,38,30.33,30.29,30.23,10,9,6,12,3,17,0.05,3,Rain,252
11/17/2013,60,56,51,57,53,46,93,85,77,30.3,30.08,29.8,8,4,2,10,4,16,0.03,8,Rain,102
11/18/2013,65,58,51,60,44,22,93,60,26,29.82,29.68,29.6,10,8,2,20,7,31,0.22,4,NoEvent,259
11/19/2013,51,44,36,26,22,19,48,42,36,30.35,30.08,29.79,10,10,10,20,9,31,0,3,NoEvent,312
11/20/2013,44,38,32,19,15,9,56,40,24,30.61,30.52,30.36,10,10,10,15,7,23,0,0,NoEvent,38
11/21/2013,52,44,35,40,31,18,66,55,44,30.62,30.52,30.4,10,10,10,10,5,14,0,5,Rain,57
11/22/2013,57,54,51,48,45,39,89,76,63,30.38,30.12,29.91,10,8,4,12,6,18,0.07,6,Fog-Snow,256
11/23/2013,54,43,31,45,23,8,77,53,28,30.04,29.97,29.91,10,8,0,21,10,34,0,3,NoEvent,298
11/24/2013,30,27,23,5,2,-4,44,34,24,30.36,30.19,30.01,10,10,10,25,12,43,0,1,NoEvent,302
11/25/2013,35,29,23,13,9,5,50,43,35,30.48,30.4,30.34,10,10,10,15,6,23,0,0,Rain,271
11/26/2013,47,40,33,45,27,14,92,65,37,30.33,30.18,29.8,10,7,2,12,4,21,0.51,7,Rain,90
11/27/2013,62,49,35,58,46,18,93,73,52,29.73,29.48,29.36,10,6,1,20,10,37,1.98,8,NoEvent,276
11/28/2013,35,33,30,16,10,6,53,43,32,30.48,30.22,29.78,10,10,10,22,7,39,0,3,NoEvent,292
11/29/2013,39,34,29,17,15,10,53,46,38,30.74,30.59,30.47,10,10,10,13,4,19,0,4,NoEvent,320
11/30/2013,39,32,25,28,17,9,64,51,38,30.76,30.63,30.38,10,10,10,12,5,16,0,3,NoEvent,55
12/1/2013,49,43,36,32,29,26,76,61,46,30.35,30.19,30.02,10,10,10,7,2,10,0,6,NoEvent,306
12/2/2013,49,45,41,37,34,27,82,68,53,30.01,29.95,29.89,10,8,6,8,3,11,0,4,NoEvent,47
12/3/2013,53,46,38,37,34,32,86,66,46,30.01,29.93,29.88,10,7,5,8,3,12,0,1,NoEvent,353
12/4/2013,52,47,41,42,36,32,73,64,54,30.16,30.1,30.02,7,6,4,8,3,12,0,4,Fog-Rain,56
12/5/2013,60,54,48,54,50,43,93,83,72,30.12,30.06,29.94,9,4,0,9,2,17,0.01,8,Rain,116
12/6/2013,62,50,37,58,43,32,90,84,77,30.16,30.03,29.88,10,6,2,15,6,22,0.73,8,Rain,26
12/7/2013,41,37,32,33,26,14,89,65,40,30.51,30.29,30.1,10,9,3,13,6,22,0.14,4,Rain-Snow,334
12/8/2013,33,31,29,29,21,12,85,65,45,30.6,30.51,30.39,10,6,1,15,6,20,0.08,6,Rain-Snow,53
12/9/2013,39,35,31,36,32,28,92,86,79,30.39,30.12,29.97,10,4,1,22,7,31,0.3,7,Fog-Snow,31
12/10/2013,37,34,30,31,28,14,89,74,58,30.12,29.96,29.88,10,5,0,14,6,24,0.23,5,NoEvent,277
12/11/2013,33,30,27,16,13,12,55,48,41,30.32,30.24,30.15,10,10,10,15,8,25,0,0,NoEvent,260
12/12/2013,30,27,23,14,6,3,57,47,37,30.36,30.26,30.16,10,10,10,16,7,26,0,1,NoEvent,298
12/13/2013,35,29,23,15,10,3,47,43,38,30.33,30.19,30.14,10,10,10,18,6,28,0,2,Fog-Rain-Snow,267
12/14/2013,34,28,22,31,21,15,88,66,43,30.51,30.28,29.81,10,3,0,21,10,31,0.73,7,Rain,68
12/15/2013,40,35,30,34,28,19,92,72,52,29.84,29.64,29.51,10,8,2,21,9,28,0.72,7,NoEvent,316
12/16/2013,33,29,25,20,10,5,56,46,35,30.23,30.07,29.84,10,10,10,17,8,26,0,1,Fog-Rain-Snow,286
12/17/2013,32,28,24,28,21,6,85,64,42,30.22,30.06,29.94,10,4,0,13,6,17,0.19,8,NoEvent,75
12/18/2013,37,30,23,20,18,17,81,64,47,30.16,30.04,29.92,10,10,8,14,7,24,0,3,NoEvent,296
12/19/2013,47,39,30,27,22,18,63,52,41,30.18,30.11,30.03,10,10,9,15,5,24,0,0,NoEvent,255
12/20/2013,53,47,41,43,31,27,68,55,41,30.1,30.03,29.98,10,10,10,16,5,27,0,2,NoEvent,254
12/21/2013,65,58,51,52,47,44,77,67,56,30,29.95,29.9,10,10,9,16,8,26,0.01,1,NoEvent,244
12/22/2013,71,66,61,60,56,53,78,70,61,29.96,29.89,29.81,10,10,10,16,6,27,0,5,Rain,215
12/23/2013,64,53,42,58,52,29,93,80,67,30.16,30,29.88,10,6,2,17,5,28,0.51,8,NoEvent,279
12/24/2013,42,34,26,27,19,5,72,56,40,30.34,30.18,30.09,10,10,10,18,8,29,0,3,NoEvent,318
12/25/2013,31,25,19,19,7,3,53,46,38,30.52,30.47,30.35,10,10,10,21,5,35,0,1,NoEvent,295
12/26/2013,36,33,30,24,20,17,64,58,51,30.44,30.29,30.17,10,10,10,14,5,23,0,5,NoEvent,270
12/27/2013,40,36,31,22,19,15,61,51,40,30.36,30.31,30.27,10,10,10,12,6,20,0,2,NoEvent,276
12/28/2013,55,46,36,26,23,20,52,41,29,30.27,30.16,30.07,10,10,10,16,7,27,0,1,Rain,253
12/29/2013,48,45,41,41,36,24,93,66,39,30.06,29.69,29.43,10,6,1,16,6,26,1.2,6,NoEvent,36
12/30/2013,45,34,23,35,24,7,76,60,43,30.21,29.98,29.7,10,10,10,15,6,25,0,3,NoEvent,289
12/31/2013,32,27,21,20,10,5,63,51,38,30.28,30.15,30.06,10,10,8,17,6,28,0,3,NoEvent,292
1/1/2014,33,29,24,19,13,5,59,49,38,30.4,30.34,30.26,10,10,10,14,6,23,0,2,Fog-Snow,314
1/2/2014,33,26,18,23,20,14,84,70,56,30.22,29.98,29.68,10,7,0,21,12,28,0.33,8,Snow,58
1/3/2014,18,14,9,12,1,-7,84,63,42,30.48,30.07,29.65,10,6,0,21,10,29,0.29,2,NoEvent,336
1/4/2014,29,19,8,16,3,-5,66,51,35,30.53,30.41,30.3,10,10,10,9,5,20,0,0,Fog-Rain,268
1/5/2014,40,34,27,38,27,17,92,75,58,30.33,30.22,29.84,10,3,0,7,4,17,0.14,7,Fog-Rain,63
1/6/2014,55,37,19,52,34,3,100,72,43,29.73,29.55,29.41,10,5,0,18,9,29,0.36,7,NoEvent,230
1/7/2014,19,12,4,-8,-12,-16,49,42,35,30.38,30.14,29.78,10,10,10,23,13,38,0,0,NoEvent,284
1/8/2014,22,16,9,2,-3,-8,55,47,39,30.56,30.49,30.4,10,10,10,15,7,23,0,2,NoEvent,285
1/9/2014,32,27,22,14,8,2,57,45,33,30.65,30.59,30.5,10,10,10,12,3,16,0,1,Rain-Snow,237
1/10/2014,37,34,30,34,28,16,92,71,49,30.59,30.41,30.22,10,4,1,8,3,11,0.11,8,Fog-Rain,51
1/11/2014,58,48,37,55,48,34,93,89,85,30.23,29.76,29.32,10,4,0,17,7,28,0.5,8,Rain,169
1/12/2014,54,46,38,50,32,24,83,64,45,30.07,29.7,29.42,10,9,2,20,8,31,0.05,5,NoEvent,281
1/13/2014,51,44,37,38,31,25,66,59,52,30.15,30.04,29.9,10,10,7,14,5,24,0,0,Rain,197
1/14/2014,52,48,44,45,41,36,93,75,56,29.88,29.77,29.55,10,8,2,13,5,22,0.38,6,NoEvent,236
1/15/2014,45,40,34,40,37,34,93,85,66,29.85,29.85,29.85,8,8,8,4,4,,0,3,NoEvent,270
1/16/2014,41,38,35,39,30,26,93,73,61,29.98,29.93,29.86,10,10,10,5,5,,0,8,Snow,340
1/25/2014,28,24,19,20,10,0,81,62,42,29.63,29.49,29.45,10,6,0,17,8,30,0.04,5,NoEvent,237
1/26/2014,34,26,17,19,5,-3,74,55,36,29.9,29.79,29.49,10,10,7,16,9,26,0,4,NoEvent,264
1/27/2014,44,33,21,25,14,-5,63,44,24,30.08,29.78,29.62,10,10,10,17,8,30,0,4,NoEvent,286
1/28/2014,21,17,12,-3,-8,-12,44,36,28,30.38,30.29,30.1,10,10,10,15,6,24,0,3,Snow,306
1/29/2014,23,19,14,8,-1,-8,80,54,28,30.3,30.18,30.1,10,8,2,15,6,23,0.04,2,NoEvent,287
1/30/2014,30,23,16,10,2,-3,51,42,33,30.68,30.36,30.2,10,10,10,9,4,16,0,0,NoEvent,246
1/31/2014,39,32,25,14,11,8,55,43,30,30.24,30.16,30.1,10,10,10,14,5,21,0,5,NoEvent,272
2/1/2014,45,41,36,38,21,14,76,55,33,30.33,30.23,30.02,10,10,6,13,4,19,0,0,NoEvent,173
2/2/2014,56,48,39,36,34,31,85,64,43,30.08,29.97,29.92,10,8,5,10,3,15,0,3,Fog-Rain-Snow,285
2/3/2014,43,38,32,34,28,21,92,81,70,30.32,30.16,30.08,7,2,0,10,7,16,1.17,7,NoEvent,31
2/4/2014,35,29,22,24,21,16,81,71,61,30.47,30.38,30.27,9,5,2,7,2,,0,2,Fog-Rain-Snow,74
2/5/2014,34,32,29,31,28,24,92,78,63,30.24,29.87,29.65,10,4,0,15,7,28,1.43,8,NoEvent,54
2/6/2014,32,27,21,24,16,12,81,66,50,30.28,30.2,30,10,10,10,13,4,19,0,2,NoEvent,291
2/7/2014,32,28,24,16,13,10,63,53,43,30.33,30.27,30.22,10,10,9,15,7,24,0,0,NoEvent,276
2/8/2014,29,25,21,10,4,-2,50,41,31,30.34,30.25,30.15,10,10,10,12,5,17,0,2,Fog-Snow,284
2/9/2014,31,26,21,23,15,3,84,63,42,30.19,30.07,29.99,10,6,0,12,4,19,0.1,5,NoEvent,281
2/10/2014,29,25,21,18,9,5,75,57,38,30.27,30.14,29.99,10,9,7,15,7,26,0,0,NoEvent,304
2/11/2014,26,21,16,7,3,1,59,48,36,30.48,30.36,30.27,10,10,10,14,5,20,0,0,NoEvent,309
2/12/2014,25,19,13,16,6,-2,65,52,39,30.57,30.46,30.3,10,10,10,14,6,19,0,2,Fog-Rain-Snow,56
2/13/2014,36,30,24,32,28,18,96,82,68,30.3,29.63,29.02,10,3,0,25,13,39,1.78,8,Fog-Rain-Snow,54
2/14/2014,40,36,31,30,26,22,92,70,48,29.78,29.33,29.03,10,6,0,22,10,38,0.3,4,Fog-Snow,285
2/15/2014,37,32,27,28,25,12,92,72,52,29.78,29.69,29.57,10,5,0,18,9,29,0.13,7,NoEvent,22
2/16/2014,30,26,21,12,9,6,60,50,39,30.07,29.94,29.79,10,10,10,18,9,31,0,3,NoEvent,292
2/17/2014,32,25,18,6,2,-3,56,41,25,30.37,30.31,30.16,10,10,10,16,5,24,0,0,Fog-Snow,289
2/18/2014,39,33,26,31,23,8,92,67,42,30.26,30.09,29.96,10,6,0,16,5,30,0.16,5,Rain,37
2/19/2014,45,40,34,40,32,18,92,70,47,30.1,29.88,29.7,10,6,1,16,5,26,0.26,4,Rain,194
2/20/2014,51,44,37,37,29,23,92,63,33,30.25,30.14,30.04,10,7,2,14,5,20,0.03,4,Fog-Rain,34
2/21/2014,49,43,36,45,36,32,96,82,67,30.06,29.89,29.67,10,4,0,21,7,32,0.09,7,NoEvent,63
2/22/2014,54,47,40,32,24,17,70,47,24,30.05,29.99,29.93,10,10,10,17,7,29,0,0,NoEvent,244
2/23/2014,54,49,43,30,27,24,58,45,32,30.02,29.94,29.85,10,10,10,18,5,30,0,2,NoEvent,272
2/24/2014,44,36,27,27,13,5,57,43,29,30.08,29.92,29.81,10,10,10,17,9,28,0,3,NoEvent,295
2/25/2014,33,29,24,13,9,5,55,46,36,30.08,30.01,29.93,10,10,10,18,7,27,0,3,Snow,290
2/26/2014,31,26,20,21,10,-7,81,55,28,29.97,29.9,29.82,10,7,0,17,5,29,0.03,5,NoEvent,301
2/27/2014,34,24,14,12,1,-16,50,39,28,30.1,29.79,29.62,10,10,6,21,8,39,0,3,NoEvent,275
2/28/2014,24,17,9,-1,-7,-13,42,34,26,30.43,30.34,30.14,10,10,10,15,5,25,0,0,NoEvent,317
3/1/2014,37,29,20,19,10,-2,52,42,32,30.42,30.3,30.16,10,10,10,12,4,16,0,3,NoEvent,236
3/2/2014,40,36,32,23,18,14,52,46,40,30.12,30.03,29.98,10,10,9,13,4,20,0,8,Snow,298
3/3/2014,32,25,17,18,5,-3,74,57,39,30.33,30.16,30.01,10,8,1,16,7,24,0.04,5,NoEvent,5
3/4/2014,29,21,13,9,1,-4,58,44,29,30.43,30.33,30.26,10,10,10,13,5,19,0,1,NoEvent,310
3/5/2014,39,33,26,11,7,1,46,37,27,30.44,30.28,30.21,10,10,10,17,5,25,0,6,NoEvent,11
3/6/2014,31,24,16,10,4,-3,54,43,31,30.63,30.55,30.47,10,10,10,17,9,23,0,0,NoEvent,65
3/7/2014,37,32,26,29,21,11,75,61,46,30.49,30.21,29.92,10,10,10,16,8,22,0,8,NoEvent,62
3/8/2014,57,46,35,29,27,25,75,53,30,29.9,29.85,29.77,10,10,7,17,6,27,0,4,NoEvent,305
3/9/2014,44,40,36,26,15,8,54,39,24,30.01,29.96,29.89,10,10,7,15,6,22,0,3,Snow,305
3/10/2014,51,44,36,32,23,13,62,48,33,29.92,29.79,29.62,10,9,1,15,5,27,0,7,NoEvent,224
3/11/2014,66,56,45,35,31,28,50,39,28,29.7,29.62,29.56,10,10,10,13,5,22,0,1,Rain,274
3/12/2014,56,44,32,50,42,29,89,68,47,29.67,29.24,29.03,10,6,2,20,5,35,0.35,6,NoEvent,68
3/13/2014,32,26,19,21,3,-5,64,42,27,30.09,29.63,29.2,10,10,10,20,14,36,0,4,NoEvent,308
3/14/2014,46,34,22,24,10,-3,51,38,25,30.22,30.1,29.91,10,10,10,14,6,23,0,2,NoEvent,204
3/15/2014,58,50,42,27,24,19,45,35,24,30,29.83,29.76,10,10,10,21,9,33,0,3,NoEvent,284
3/16/2014,42,36,30,21,8,2,43,34,25,30.19,30.14,30.02,10,10,10,16,8,28,0,2,NoEvent,315
3/17/2014,35,29,23,10,3,-5,43,34,25,30.14,30.09,30.05,10,10,10,15,8,23,0,7,NoEvent,33
3/18/2014,43,36,28,23,9,0,64,42,19,30.3,30.24,30.13,10,10,10,20,7,25,0,0,Rain,64
3/19/2014,46,39,32,43,34,24,96,79,62,30.32,30.08,29.83,10,7,1,15,7,21,0.92,7,Rain,85
3/20/2014,54,47,40,41,34,21,93,63,32,29.9,29.79,29.74,10,6,1,20,8,32,0,6,NoEvent,301
3/21/2014,51,45,39,20,18,16,44,34,24,30.06,29.97,29.9,10,10,10,16,8,29,0,2,NoEvent,294
3/22/2014,63,52,41,36,27,18,61,42,23,30.04,29.89,29.76,10,10,10,18,7,32,0,2,NoEvent,305
3/23/2014,42,35,27,23,14,4,50,38,25,30.12,30.03,29.98,10,10,10,15,7,22,0,2,NoEvent,314
3/24/2014,35,28,21,4,2,0,45,35,24,30.24,30.18,30.11,10,10,10,15,7,27,0,0,NoEvent,325
3/25/2014,39,33,26,18,10,3,51,39,26,30.17,30.04,29.86,10,10,10,16,6,21,0,4,NoEvent,97
3/26/2014,36,30,24,17,7,-2,51,38,24,30.21,29.91,29.74,10,10,10,23,12,38,0,3,NoEvent,325
3/27/2014,44,33,22,22,9,3,50,35,19,30.42,30.33,30.25,10,10,10,14,7,26,0,0,Rain,257
3/28/2014,62,50,37,48,40,19,74,61,48,30.25,30.07,29.98,10,10,4,13,5,22,0.04,6,Rain,201
3/29/2014,59,51,43,48,42,38,96,79,61,30.19,30.01,29.7,10,5,2,23,11,35,1.81,7,Rain,67
3/30/2014,49,44,39,47,41,34,100,88,76,29.69,29.58,29.48,10,6,1,21,10,30,0.35,8,Rain-Snow,40
3/31/2014,56,46,36,34,31,25,92,65,38,30.09,29.88,29.69,10,10,5,13,8,22,0.16,5,NoEvent,10
4/1/2014,60,50,39,32,27,24,58,46,33,30.13,30.07,29.99,10,10,10,17,5,24,0,0,NoEvent,321
4/2/2014,54,48,42,42,37,31,76,67,58,30.14,30.08,30.06,10,10,8,9,2,14,0,2,Rain,199
4/3/2014,67,57,46,42,29,17,82,49,15,30.14,30.07,30.01,10,10,6,10,4,15,0.07,1,Rain,106
4/4/2014,47,44,40,41,36,33,92,79,65,30.09,29.96,29.78,10,6,1,15,8,23,0.21,8,Rain,107
4/5/2014,54,47,40,39,31,21,89,61,32,30.07,29.85,29.73,10,9,3,20,8,36,0,5,NoEvent,306
4/6/2014,61,49,36,28,21,15,56,37,17,30.21,30.16,30.09,10,10,10,13,4,18,0,0,Rain,268
4/7/2014,53,48,43,42,37,21,92,62,32,30.23,30,29.72,10,5,1,16,6,23,0.52,5,Fog-Rain,92
4/8/2014,64,55,46,54,44,31,93,65,36,29.73,29.53,29.41,10,5,0,17,7,30,0.34,6,NoEvent,312
4/9/2014,61,53,45,33,26,12,65,44,23,30.04,29.76,29.63,10,10,10,17,7,31,0,0,NoEvent,306
4/10/2014,58,50,42,35,22,12,47,36,24,30.22,30.11,30.04,10,10,10,16,7,28,0,0,NoEvent,215
4/11/2014,75,66,56,48,40,30,67,49,31,30.04,29.99,29.94,10,10,10,13,6,22,0,1,NoEvent,256
4/12/2014,73,62,50,48,38,27,83,51,19,30.23,30.14,30.02,10,10,10,14,4,21,0,2,NoEvent,252
4/13/2014,77,66,54,53,46,29,77,55,33,30.21,30.11,29.97,10,10,8,15,6,23,0,2,NoEvent,178
4/14/2014,75,67,59,55,53,50,78,62,46,30.04,29.95,29.86,10,10,10,17,7,29,0,1,Rain-Snow,181
4/15/2014,63,48,33,57,48,31,93,86,79,29.93,29.73,29.53,10,6,2,17,9,30,0.71,7,Rain-Snow,233
4/16/2014,49,40,31,31,20,13,70,48,26,30.57,30.25,29.93,10,8,1,16,8,31,0.05,3,NoEvent,345
4/17/2014,48,42,36,30,24,16,65,51,37,30.74,30.66,30.59,10,10,10,17,8,22,0,1,NoEvent,70
4/18/2014,49,42,35,33,28,26,70,58,46,30.61,30.46,30.27,10,10,10,14,5,20,0,3,NoEvent,84
4/19/2014,68,55,41,35,27,17,70,44,17,30.35,30.26,30.22,10,10,10,16,6,21,0,0,NoEvent,1
4/20/2014,60,53,45,33,26,19,60,42,24,30.5,30.43,30.34,10,10,10,16,6,25,0,0,NoEvent,79
4/21/2014,67,54,41,40,30,21,63,41,19,30.31,30.1,29.89,10,10,10,13,4,18,0,0,Rain,110
4/22/2014,71,61,51,52,46,41,77,58,38,29.87,29.65,29.51,10,10,7,13,6,21,0.01,2,NoEvent,232
4/23/2014,61,53,44,46,36,28,63,50,36,29.83,29.62,29.5,10,10,10,21,9,36,0,6,NoEvent,304
4/24/2014,62,52,42,29,16,9,53,33,12,30.03,29.9,29.84,10,10,10,18,9,31,0,0,Rain,311
4/25/2014,63,54,44,39,23,17,61,41,20,30.05,29.96,29.78,10,10,10,16,5,23,0.02,1,Rain,85
4/26/2014,67,57,46,49,44,38,93,65,37,29.9,29.77,29.7,10,6,2,14,5,21,0.92,7,NoEvent,68
4/27/2014,59,53,47,37,33,30,60,49,38,30.13,29.99,29.88,10,10,10,16,6,22,0,4,NoEvent,306
4/28/2014,67,56,45,38,33,25,65,44,22,30.13,30.08,30.01,10,10,10,14,4,20,0,0,Rain,107
4/29/2014,52,48,43,39,37,35,82,68,54,30.42,30.33,30.16,10,10,9,16,9,26,0.03,7,Rain,116
4/30/2014,52,47,41,48,43,36,93,85,76,30.42,30.26,29.99,10,3,1,18,8,26,4.97,8,Fog-Rain,82
5/1/2014,78,65,51,61,54,45,97,64,31,30,29.83,29.67,10,5,0,13,5,20,0.12,7,NoEvent,186
5/2/2014,70,63,56,50,39,32,77,52,27,29.86,29.77,29.72,10,10,10,16,4,26,0,4,NoEvent,289
5/3/2014,64,58,54,37,36,33,51,43,37,29.88,29.86,29.85,10,10,10,7,4,,0,0,NoEvent,260